name;distance;sound_mean_zero
Tilburg;66.7308024828115;1
Rotterdam;32.449961479175904;0
Hilversum;32.7566787083184;0
Breda;86.33075929238663;1
